date,open,close,high,low,volume,amount,amplitude,pct_chg,rfs,change,pivot
2021-01-04,28.8,27.91,28.99,27.33,442534,1233095024.0,5.89,-0.89,-0.25,1.93,28.076666666666664
2021-01-05,27.5,28.62,28.65,27.41,591105,1654266096.0,4.44,2.54,0.71,2.58,28.22666666666667
2021-01-06,28.89,27.7,28.89,27.43,441963,1234461936.0,5.1,-3.21,-0.92,1.93,28.006666666666664
2021-01-07,27.77,28.02,28.48,27.5,382974,1072867200.0,3.54,1.16,0.32,1.67,28.0
2021-01-08,28.18,29.2,29.45,27.7,571864,1644260528.0,6.25,4.21,1.18,2.5,28.78333333333333
2021-01-11,29.5,29.24,30.39,28.91,675659,2010484800.0,5.07,0.14,0.04,2.95,29.513333333333332
2021-01-12,29.11,29.03,29.18,28.24,354309,1019674448.0,3.21,-0.72,-0.21,1.55,28.816666666666666
2021-01-13,28.85,30.17,30.45,28.68,600036,1800634608.0,6.1,3.93,1.14,2.62,29.766666666666666
2021-01-14,30.17,30.37,30.4,29.4,419113,1259088960.0,3.31,0.66,0.2,1.83,30.05666666666667
2021-01-15,30.06,28.88,30.3,28.21,420110,1225998304.0,6.88,-4.91,-1.49,1.83,29.13
2021-01-18,28.37,28.91,29.48,28.07,339845,980895968.0,4.88,0.1,0.03,1.48,28.819999999999997
2021-01-19,28.64,27.3,28.88,27.23,435835,1218491536.0,5.71,-5.57,-1.61,1.9,27.80333333333333
2021-01-20,27.15,27.7,27.8,26.94,248317,681441888.0,3.15,1.47,0.4,1.08,27.48
2021-01-21,27.74,27.35,28.0,27.26,301498,827508208.0,2.67,-1.26,-0.35,1.32,27.536666666666672
2021-01-22,27.18,26.25,27.18,25.6,601272,1573298224.0,5.78,-4.02,-1.1,2.62,26.343333333333334
2021-01-25,26.2,25.61,26.65,25.38,535521,1387801904.0,4.84,-2.44,-0.64,2.34,25.88
2021-01-26,25.74,25.91,26.12,25.52,375403,968141392.0,2.34,1.17,0.3,1.64,25.849999999999998
2021-01-27,25.83,26.28,26.4,25.62,398138,1035500976.0,3.01,1.43,0.37,1.74,26.099999999999998
2021-01-28,25.8,25.8,26.6,25.69,326685,854094464.0,3.46,-1.83,-0.48,1.43,26.03
2021-01-29,25.96,25.51,26.37,25.08,396376,1024857680.0,5.0,-1.12,-0.29,1.73,25.653333333333336
2021-02-01,23.97,23.34,23.97,22.96,790786,1835177328.0,3.96,-8.51,-2.17,3.45,23.423333333333332
2021-02-02,23.39,23.57,23.91,23.18,331417,780974352.0,3.13,0.99,0.23,1.45,23.55333333333333
2021-02-03,23.54,22.41,23.54,22.4,554603,1269189616.0,4.84,-4.92,-1.16,2.42,22.78333333333333
2021-02-04,22.22,22.0,22.58,21.2,525205,1144319120.0,6.16,-1.83,-0.41,2.29,21.926666666666666
2021-02-05,22.21,22.68,22.98,22.21,339582,771371792.0,3.5,3.09,0.68,1.48,22.623333333333335
2021-02-08,22.71,22.48,23.16,22.25,322974,732366864.0,4.01,-0.88,-0.2,1.41,22.63
2021-02-09,22.48,23.04,23.13,22.32,277401,634472032.0,3.6,2.49,0.56,1.21,22.830000000000002
2021-02-10,23.02,23.32,23.82,22.9,243645,569476128.0,3.99,1.22,0.28,1.06,23.346666666666664
2021-02-18,23.67,23.58,24.29,23.4,249733,596365648.0,3.82,1.11,0.26,1.09,23.756666666666664
2021-02-19,23.48,24.6,24.92,23.23,369719,898245904.0,7.17,4.33,1.02,1.61,24.25
2021-02-22,24.68,24.46,24.85,24.31,238871,585738720.0,2.2,-0.57,-0.14,1.04,24.540000000000003
2021-02-23,24.52,24.56,24.62,23.84,256017,618909248.0,3.19,0.41,0.1,1.12,24.34
2021-02-24,24.62,24.95,25.68,24.62,331285,832179456.0,4.32,1.59,0.39,1.45,25.083333333333332
2021-02-25,25.0,24.14,25.15,24.11,234720,574727680.0,4.17,-3.25,-0.81,1.02,24.46666666666667
2021-02-26,23.63,24.48,24.78,23.5,204375,498014992.0,5.3,1.41,0.34,0.89,24.253333333333334
2021-03-01,24.61,26.33,26.59,24.61,552604,1429237936.0,8.09,7.56,1.85,2.41,25.843333333333334
2021-03-02,26.34,25.91,26.82,25.67,316994,829957088.0,4.37,-1.6,-0.42,1.38,26.133333333333336
2021-03-03,25.73,26.73,26.85,25.67,362778,960351344.0,4.55,3.16,0.82,1.58,26.416666666666668
2021-03-04,26.5,25.3,26.58,25.14,265988,683615728.0,5.39,-5.35,-1.43,1.16,25.673333333333332
2021-03-05,25.22,26.94,27.58,25.03,588374,1575062576.0,10.08,6.48,1.64,2.57,26.516666666666666
2021-03-08,26.75,26.45,27.64,26.29,324628,876589904.0,5.01,-1.82,-0.49,1.42,26.793333333333333
2021-03-09,26.28,24.99,26.4,24.58,347768,882237952.0,6.88,-5.52,-1.46,1.52,25.323333333333334
2021-03-10,25.48,24.75,25.6,24.6,217182,542448016.0,4.0,-0.96,-0.24,0.95,24.983333333333334
2021-03-11,25.18,25.36,25.5,24.05,249296,621699360.0,5.86,2.46,0.61,1.09,24.97
2021-03-12,25.13,24.8,25.3,24.31,170039,420659504.0,3.9,-2.21,-0.56,0.74,24.80333333333333
2021-03-15,24.4,23.47,24.4,23.25,253077,598156816.0,4.64,-5.36,-1.33,1.1,23.706666666666667
2021-03-16,23.63,22.93,23.88,22.66,246988,569117088.0,5.2,-2.3,-0.54,1.08,23.156666666666666
2021-03-17,22.94,23.05,23.3,22.8,115670,266581370.0,2.18,0.52,0.12,0.5,23.05
2021-03-18,23.08,22.75,23.2,22.57,175190,398875936.0,2.73,-1.3,-0.3,0.76,22.84
2021-03-19,22.46,22.46,22.94,22.2,160087,361155792.0,3.25,-1.27,-0.29,0.7,22.53333333333333
2021-03-22,22.4,22.81,22.91,22.4,137029,311512496.0,2.27,1.56,0.35,0.6,22.706666666666667
2021-03-23,22.9,22.5,23.12,22.45,157714,357044464.0,2.94,-1.36,-0.31,0.69,22.689999999999998
2021-03-24,22.4,22.12,22.52,22.07,140709,312336208.0,2.0,-1.69,-0.38,0.61,22.236666666666668
2021-03-25,22.05,22.27,22.4,21.91,110527,245444014.0,2.22,0.68,0.15,0.48,22.19333333333333
2021-03-26,22.3,22.98,23.06,22.22,211667,479329408.0,3.77,3.19,0.71,0.92,22.753333333333334
2021-03-29,23.3,23.16,23.6,22.98,205082,476944896.0,2.7,0.78,0.18,0.9,23.246666666666666
2021-03-30,23.13,23.0,23.16,22.72,128960,295638816.0,1.9,-0.69,-0.16,0.56,22.959999999999997
2021-03-31,23.0,22.72,23.02,22.28,142338,322275040.0,3.22,-1.22,-0.28,0.62,22.673333333333332
2021-04-01,22.79,23.29,23.48,22.66,181637,421055344.0,3.61,2.51,0.57,0.79,23.143333333333334
2021-04-02,23.45,23.75,23.88,23.45,171626,407253024.0,1.85,1.98,0.46,0.75,23.69333333333333
2021-04-06,24.0,23.83,24.4,23.68,138625,333123408.0,3.03,0.34,0.08,0.6,23.97
2021-04-07,23.84,24.02,24.1,23.41,126145,300902992.0,2.9,0.8,0.19,0.55,23.843333333333334
2021-04-08,24.2,24.42,25.37,24.16,289316,715799920.0,5.04,1.67,0.4,1.26,24.650000000000002
2021-04-09,24.23,23.88,24.61,23.76,152110,367003136.0,3.48,-2.21,-0.54,0.66,24.083333333333332
2021-04-12,23.77,23.65,24.49,23.58,149747,359209648.0,3.81,-0.96,-0.23,0.65,23.906666666666666
2021-04-13,23.6,23.79,23.88,23.27,111375,262871735.0,2.58,0.59,0.14,0.49,23.646666666666665
2021-04-14,23.65,23.67,23.82,23.39,101337,239071043.0,1.81,-0.5,-0.12,0.44,23.626666666666665
2021-04-15,24.0,24.04,24.16,23.63,102158,243917330.0,2.24,1.56,0.37,0.45,23.94333333333333
2021-04-16,24.3,23.88,24.38,23.83,81873,196637140.0,2.29,-0.67,-0.16,0.36,24.029999999999998
2021-04-19,23.66,24.22,24.26,23.44,184890,443066816.0,3.43,1.42,0.34,0.81,23.973333333333333
2021-04-20,25.12,24.85,25.95,24.72,470029,1190043696.0,5.08,2.6,0.63,2.05,25.173333333333336
2021-04-21,24.76,24.77,25.14,24.66,144791,360142160.0,1.93,-0.32,-0.08,0.63,24.856666666666666
2021-04-22,24.93,24.65,24.98,24.58,111212,275304368.0,1.61,-0.48,-0.12,0.49,24.736666666666668
2021-04-23,24.64,24.33,24.66,24.26,155302,378801424.0,1.62,-1.3,-0.32,0.68,24.416666666666668
2021-04-26,24.32,23.45,24.54,23.39,282799,675663360.0,4.73,-3.62,-0.88,1.23,23.793333333333333
2021-04-27,23.46,23.09,23.63,22.9,134835,311701840.0,3.11,-1.54,-0.36,0.59,23.206666666666667
2021-04-28,23.14,23.55,23.89,23.07,127219,299473904.0,3.55,1.99,0.46,0.56,23.503333333333334
2021-04-29,23.59,23.83,23.95,23.51,105073,249862194.0,1.87,1.19,0.28,0.46,23.763333333333332
2021-04-30,23.99,23.33,24.24,23.21,151742,356931296.0,4.32,-2.1,-0.5,0.66,23.593333333333334
2021-05-06,23.45,23.68,23.85,23.45,118868,281496576.0,1.71,1.5,0.35,0.52,23.659999999999997
2021-05-07,23.73,24.06,24.48,23.66,199535,482039072.0,3.46,1.6,0.38,0.87,24.066666666666666
2021-05-10,24.08,24.05,24.17,23.66,109633,262342996.0,2.12,-0.04,-0.01,0.48,23.959999999999997
2021-05-11,23.7,23.39,24.0,23.15,175910,412058992.0,3.53,-2.74,-0.66,0.77,23.513333333333332
2021-05-12,23.39,23.38,23.45,22.92,116680,270302960.0,2.27,-0.04,-0.01,0.51,23.25
2021-05-13,23.12,22.66,23.44,22.4,192296,438736784.0,4.45,-3.08,-0.72,0.84,22.833333333333332
2021-05-14,22.76,23.1,23.1,22.41,133757,305354832.0,3.05,1.94,0.44,0.58,22.870000000000005
2021-05-17,23.1,23.25,23.57,23.06,151907,354716752.0,2.21,0.65,0.15,0.66,23.293333333333333
2021-05-18,23.25,23.09,23.28,23.02,75313,174046398.0,1.12,-0.69,-0.16,0.33,23.13
2021-05-19,23.08,22.91,23.08,22.7,95909,219389789.0,1.65,-0.78,-0.18,0.42,22.896666666666665
2021-05-20,22.88,22.92,23.04,22.71,86574,197952172.0,1.44,0.04,0.01,0.38,22.89
2021-05-21,23.0,22.71,23.3,22.65,98209,224906531.0,2.84,-0.92,-0.21,0.43,22.886666666666667
2021-05-24,22.72,22.89,22.93,22.62,104755,238486662.0,1.37,0.79,0.18,0.46,22.813333333333333
2021-05-25,22.77,23.33,23.35,22.73,143371,331484800.0,2.71,1.92,0.44,0.63,23.136666666666667
2021-05-26,23.38,23.02,23.46,22.94,162903,376377712.0,2.23,-1.33,-0.31,0.71,23.14
2021-05-27,23.1,23.48,23.61,23.0,256428,599132272.0,2.65,2.0,0.46,1.12,23.363333333333333
2021-05-28,23.0,22.79,23.14,22.68,206790,472599104.0,1.96,-2.94,-0.69,0.9,22.87
2021-05-31,22.82,22.91,23.36,22.68,252033,578032512.0,2.98,0.53,0.12,1.1,22.983333333333334
2021-06-01,22.95,23.24,23.57,22.68,276048,640425120.0,3.88,1.44,0.33,1.2,23.16333333333333
2021-06-02,23.4,22.85,23.4,22.7,207949,477091248.0,3.01,-1.68,-0.39,0.91,22.98333333333333
2021-06-03,22.85,22.32,23.11,22.31,323131,731415824.0,3.5,-2.32,-0.53,1.41,22.580000000000002
2021-06-04,22.4,22.3,22.55,22.13,225781,503128992.0,1.88,-0.09,-0.02,0.99,22.326666666666668
2021-06-07,22.5,22.97,23.34,22.49,320648,734138688.0,3.81,3.0,0.67,1.4,22.933333333333334
2021-06-08,22.99,22.6,23.1,22.48,253531,576291120.0,2.7,-1.61,-0.37,1.11,22.72666666666667
2021-06-09,23.03,22.69,23.22,22.57,243084,554966768.0,2.88,0.4,0.09,1.06,22.826666666666668
2021-06-10,22.9,22.72,23.03,22.41,262054,594159872.0,2.73,0.13,0.03,1.14,22.72
2021-06-11,22.73,22.47,23.0,22.38,301357,679729632.0,2.73,-1.1,-0.25,1.32,22.616666666666664
2021-06-15,22.45,22.22,22.56,22.1,211119,470234848.0,2.05,-1.11,-0.25,0.92,22.293333333333333
2021-06-16,22.29,21.78,22.44,21.65,203926,449109760.0,3.56,-1.98,-0.44,0.89,21.956666666666667
2021-06-17,21.8,22.35,22.5,21.6,202721,448247872.0,4.13,2.62,0.57,0.88,22.150000000000002
2021-06-18,22.4,21.91,22.62,21.75,238195,524912240.0,3.89,-1.97,-0.44,1.04,22.093333333333334
2021-06-21,21.75,21.69,21.85,21.52,184477,399026528.0,1.51,-1.0,-0.22,0.81,21.686666666666667
2021-06-22,21.71,21.98,22.25,21.56,194480,425341456.0,3.18,1.34,0.29,0.85,21.930000000000003
2021-06-23,21.94,22.7,22.77,21.81,400170,897943136.0,4.37,3.28,0.72,1.75,22.426666666666666
2021-06-24,22.75,23.21,23.77,22.61,537737,1255555984.0,5.11,2.25,0.51,2.35,23.19666666666667
2021-06-25,23.28,23.29,23.6,23.12,307486,717127840.0,2.07,0.34,0.08,1.34,23.336666666666662
2021-06-28,23.36,23.55,23.78,23.23,244941,575610640.0,2.36,1.12,0.26,1.07,23.52
2021-06-29,23.7,23.18,23.7,23.03,200517,466369952.0,2.85,-1.57,-0.37,0.88,23.30333333333333
2021-06-30,23.2,23.41,23.64,23.13,189446,444048928.0,2.2,0.99,0.23,0.82,23.39333333333333
2021-07-01,23.4,22.71,23.49,22.6,201130,463290112.0,3.8,-2.99,-0.7,0.87,22.933333333333337
2021-07-02,22.61,22.24,22.96,22.17,187828,421641616.0,3.48,-2.07,-0.47,0.82,22.456666666666667
2021-07-05,22.23,22.88,22.93,22.04,232402,522130304.0,4.0,2.88,0.64,1.01,22.616666666666664
2021-07-06,22.97,24.03,24.59,22.82,622609,1489037616.0,7.74,5.03,1.15,2.7,23.813333333333333
2021-07-07,23.92,24.0,24.16,23.63,299230,715450320.0,2.21,-0.12,-0.03,1.3,23.929999999999996
2021-07-08,24.04,24.26,24.53,23.86,332423,806443952.0,2.79,1.08,0.26,1.44,24.21666666666667
2021-07-09,24.0,24.5,25.14,23.93,334261,820759840.0,4.99,0.99,0.24,1.45,24.52333333333333
2021-07-12,24.66,24.42,25.0,24.0,347067,853033744.0,4.08,-0.33,-0.08,1.51,24.473333333333333
2021-07-13,24.63,24.3,24.71,24.08,264902,643214992.0,2.58,-0.49,-0.12,1.15,24.363333333333333
2021-07-14,24.31,23.89,24.73,23.87,283071,685939952.0,3.54,-1.69,-0.41,1.23,24.163333333333338
2021-07-15,23.75,23.92,23.99,23.32,239260,565612848.0,2.8,0.13,0.03,1.04,23.743333333333336
2021-07-16,23.9,23.46,23.9,23.4,207926,491363360.0,2.09,-1.92,-0.46,0.9,23.586666666666662
2021-07-19,23.31,23.33,23.66,23.09,210517,490172176.0,2.43,-0.55,-0.13,0.91,23.36
2021-07-20,23.18,23.17,23.28,22.65,188571,433899536.0,2.7,-0.69,-0.16,0.82,23.03333333333333
2021-07-21,23.28,23.51,23.68,23.23,200310,470940384.0,1.94,1.47,0.34,0.87,23.473333333333333
2021-07-22,23.53,23.95,24.29,23.3,281932,673476144.0,4.21,1.87,0.44,1.22,23.846666666666668
2021-07-23,24.0,23.4,24.2,23.32,216408,512479072.0,3.67,-2.3,-0.55,0.94,23.639999999999997
2021-07-26,23.3,23.47,24.09,22.9,287052,675142096.0,5.09,0.3,0.07,1.25,23.486666666666665
2021-07-27,25.3,25.82,25.82,25.19,545222,1403009904.0,2.68,10.01,2.35,2.37,25.610000000000003
2021-07-28,26.54,26.86,27.5,25.25,1658639,4399066624.0,8.71,4.03,1.04,7.2,26.536666666666665
2021-07-29,27.45,27.39,28.55,26.98,1112158,3091080112.0,5.85,1.97,0.53,4.83,27.64
2021-07-30,27.4,27.5,28.0,27.0,576939,1591912032.0,3.65,0.4,0.11,2.51,27.5
2021-08-02,27.51,29.04,29.34,27.5,796066,2262815984.0,6.69,5.6,1.54,3.46,28.626666666666665
2021-08-03,28.66,28.7,29.34,28.28,514723,1482090880.0,3.65,-1.17,-0.34,2.24,28.773333333333337
2021-08-04,28.51,28.78,29.2,28.51,446671,1288334336.0,2.4,0.28,0.08,1.94,28.830000000000002
2021-08-05,29.13,28.78,29.85,28.61,397095,1157035136.0,4.31,0.0,0.0,1.72,29.080000000000002
2021-08-06,28.3,28.55,29.19,28.1,364592,1039682352.0,3.79,-0.8,-0.23,1.58,28.613333333333333
2021-08-09,28.55,28.31,29.19,28.05,299700,852127120.0,3.99,-0.84,-0.24,1.3,28.516666666666666
2021-08-10,28.45,28.48,28.8,27.79,319215,905513904.0,3.57,0.6,0.17,1.39,28.35666666666667
2021-08-11,28.41,27.51,28.42,27.3,514119,1422371056.0,3.93,-3.41,-0.97,2.23,27.743333333333336
2021-08-12,27.52,27.19,27.7,27.12,337187,921692320.0,2.11,-1.16,-0.32,1.46,27.33666666666667
2021-08-13,27.19,26.72,27.35,26.53,335122,899249952.0,3.02,-1.73,-0.47,1.46,26.866666666666664
2021-08-16,26.9,26.35,27.7,26.03,542330,1453193984.0,6.25,-1.38,-0.37,2.36,26.69333333333334
2021-08-17,26.58,26.37,27.38,26.1,530498,1417082128.0,4.86,0.08,0.02,2.3,26.61666666666667
2021-08-18,25.48,25.2,25.48,24.5,617757,1544522592.0,3.72,-4.44,-1.17,2.68,25.060000000000002
2021-08-19,25.08,25.36,25.72,24.93,322231,817907648.0,3.13,0.63,0.16,1.4,25.336666666666662
2021-08-20,25.38,25.23,25.5,24.81,203599,512579328.0,2.72,-0.51,-0.13,0.88,25.180000000000003
2021-08-23,25.3,25.38,25.56,25.07,240079,607803104.0,1.94,0.59,0.15,1.04,25.336666666666662
2021-08-24,25.27,24.93,25.27,24.67,319662,797909104.0,2.36,-1.77,-0.45,1.39,24.956666666666667
2021-08-25,25.11,25.25,25.55,24.9,336933,848826672.0,2.61,1.28,0.32,1.46,25.233333333333334
2021-08-26,25.36,24.71,25.45,24.69,292280,728504496.0,3.01,-2.14,-0.54,1.27,24.95
2021-08-27,24.4,24.8,25.06,24.11,308195,757322912.0,3.84,0.36,0.09,1.34,24.656666666666666
2021-08-30,24.7,23.91,24.72,23.7,366936,884638592.0,4.11,-3.59,-0.89,1.59,24.11
2021-08-31,23.8,23.5,24.16,23.22,319742,752645536.0,3.93,-1.71,-0.41,1.39,23.626666666666665
2021-09-01,23.57,23.32,23.64,22.87,388811,900652992.0,3.28,-0.77,-0.18,1.69,23.27666666666667
2021-09-02,23.5,22.98,23.5,22.92,271550,626516608.0,2.49,-1.46,-0.34,1.18,23.133333333333336
2021-09-03,22.9,22.94,23.4,22.82,296406,683015136.0,2.52,-0.17,-0.04,1.29,23.05333333333333
2021-09-06,22.9,23.48,23.62,22.7,351531,819414992.0,4.01,2.35,0.54,1.53,23.266666666666666
2021-09-07,23.5,23.7,23.88,23.4,330394,780797136.0,2.04,0.94,0.22,1.43,23.66
2021-09-08,23.95,23.55,24.31,23.45,426606,1014592944.0,3.63,-0.63,-0.15,1.85,23.77
2021-09-09,23.54,23.73,24.07,23.45,320049,759289376.0,2.63,0.76,0.18,1.39,23.75
2021-09-10,23.75,23.73,24.0,23.35,380040,898019872.0,2.74,0.0,0.0,1.65,23.69333333333333
2021-09-13,23.71,23.13,23.71,23.05,337330,783215280.0,2.78,-2.53,-0.6,1.47,23.296666666666667
2021-09-14,23.31,23.0,23.37,22.95,217001,502638464.0,1.82,-0.56,-0.13,0.94,23.106666666666666
2021-09-15,23.0,22.66,23.03,22.54,263599,597285664.0,2.13,-1.48,-0.34,1.14,22.743333333333336
2021-09-16,23.02,22.48,23.35,22.48,301855,689678784.0,3.84,-0.79,-0.18,1.31,22.77
2021-09-17,22.44,22.32,22.66,22.0,215377,479079376.0,2.94,-0.71,-0.16,0.94,22.326666666666664
2021-09-22,22.01,22.35,22.42,21.99,127754,283988944.0,1.93,0.13,0.03,0.55,22.25333333333333
2021-09-23,22.35,22.38,22.6,22.25,229949,514938784.0,1.57,0.13,0.03,1.0,22.41
2021-09-24,22.43,22.02,22.48,22.01,223775,495366160.0,2.1,-1.61,-0.36,0.97,22.17
2021-09-27,22.28,22.22,22.55,22.1,224051,500199408.0,2.04,0.91,0.2,0.97,22.290000000000003
2021-09-28,22.2,21.88,22.24,21.71,198296,433643664.0,2.39,-1.53,-0.34,0.86,21.94333333333333
2021-09-29,21.78,21.56,21.78,21.22,229772,493804224.0,2.56,-1.46,-0.32,1.0,21.52
2021-09-30,21.57,21.66,21.74,21.48,137081,296732432.0,1.21,0.46,0.1,0.59,21.626666666666665
2021-10-08,21.98,22.19,22.38,21.81,237374,525144576.0,2.63,2.45,0.53,1.03,22.126666666666665
2021-10-11,22.21,22.38,22.46,22.1,221598,494181536.0,1.62,0.86,0.19,0.96,22.313333333333333
2021-10-12,22.2,21.75,22.22,21.61,211535,461782960.0,2.73,-2.82,-0.63,0.92,21.86
2021-10-13,21.71,22.37,22.44,21.61,177485,390995040.0,3.82,2.85,0.62,0.77,22.14
2021-10-14,22.31,22.16,22.36,22.01,118090,261719353.0,1.56,-0.94,-0.21,0.51,22.176666666666666
2021-10-15,22.01,21.81,22.28,21.7,235306,515455376.0,2.62,-1.58,-0.35,1.02,21.930000000000003
2021-10-18,21.76,21.8,21.93,21.6,158066,343626608.0,1.51,-0.05,-0.01,0.68,21.776666666666667
2021-10-19,22.6,22.67,22.81,22.31,489371,1104143088.0,2.29,3.99,0.87,2.12,22.596666666666664
2021-10-20,22.8,22.42,23.11,22.35,393493,893611488.0,3.35,-1.1,-0.25,1.7,22.626666666666665
2021-10-21,22.41,22.71,22.85,22.27,237013,536735888.0,2.59,1.29,0.29,1.03,22.610000000000003
2021-10-22,22.62,22.76,22.95,22.48,218545,497471152.0,2.07,0.22,0.05,0.95,22.73
2021-10-25,22.93,22.55,22.94,22.23,254813,572473456.0,3.12,-0.92,-0.21,1.1,22.573333333333334
2021-10-26,22.45,22.87,23.09,22.3,341071,774604720.0,3.5,1.42,0.32,1.48,22.753333333333334
2021-10-27,22.71,22.41,22.72,22.26,241872,542505168.0,2.01,-2.01,-0.46,1.05,22.463333333333335
2021-10-28,22.54,22.7,23.26,22.44,469915,1074521008.0,3.66,1.29,0.29,2.03,22.8
2021-10-29,22.55,22.25,22.64,21.71,396004,871280320.0,4.1,-1.98,-0.45,1.71,22.2
2021-11-01,22.02,23.47,23.78,22.01,765356,1774429296.0,7.96,5.48,1.22,3.31,23.08666666666667
2021-11-02,23.86,23.62,24.48,23.31,700610,1671614160.0,4.99,0.64,0.15,3.03,23.80333333333333
2021-11-03,23.87,23.29,23.91,23.03,366014,855627952.0,3.73,-1.4,-0.33,1.58,23.409999999999997
2021-11-04,23.39,23.68,24.0,23.39,364033,864537248.0,2.62,1.67,0.39,1.58,23.689999999999998
2021-11-05,24.1,23.85,24.44,23.7,421585,1012212192.0,3.13,0.72,0.17,1.83,23.99666666666667
2021-11-08,23.9,23.39,23.9,23.15,290785,679200352.0,3.14,-1.93,-0.46,1.26,23.48
2021-11-09,23.39,23.42,23.56,22.9,316979,736907424.0,2.82,0.13,0.03,1.37,23.293333333333333
2021-11-10,23.48,23.55,23.78,23.2,312306,733703120.0,2.48,0.56,0.13,1.35,23.51
2021-11-11,23.52,23.73,23.84,23.27,300826,710365296.0,2.42,0.76,0.18,1.3,23.613333333333333
2021-11-12,23.73,24.1,24.43,23.53,382593,919074608.0,3.79,1.56,0.37,1.66,24.02
2021-11-15,24.08,24.4,24.45,23.92,370516,897747424.0,2.2,1.24,0.3,1.6,24.25666666666667
2021-11-16,24.51,24.1,24.88,24.07,440246,1077211504.0,3.32,-1.23,-0.3,1.91,24.350000000000005
2021-11-17,24.14,24.64,24.67,24.03,386019,945082960.0,2.66,2.24,0.54,1.67,24.44666666666667
2021-11-18,24.69,24.65,24.84,24.36,331786,818238880.0,1.95,0.04,0.01,1.44,24.616666666666664
2021-11-19,24.7,24.78,24.85,24.41,325676,803884656.0,1.78,0.53,0.13,1.41,24.680000000000003
2021-11-22,24.71,25.15,25.31,24.61,380328,953641328.0,2.82,1.49,0.37,1.65,25.02333333333333
2021-11-23,25.07,24.93,25.13,24.7,324525,807981104.0,1.71,-0.87,-0.22,1.4,24.919999999999998
2021-11-24,24.8,24.51,24.89,24.38,288712,710821584.0,2.05,-1.68,-0.42,1.25,24.593333333333334
2021-11-25,24.51,24.21,24.69,24.1,244893,596170928.0,2.41,-1.22,-0.3,1.06,24.333333333333332
2021-11-26,24.18,24.09,24.37,23.88,232620,560024480.0,2.02,-0.5,-0.12,1.01,24.113333333333333
2021-11-29,23.75,23.33,23.8,23.18,343061,802437408.0,2.57,-3.15,-0.76,1.49,23.436666666666667
2021-11-30,23.52,23.6,23.86,23.38,233681,551673648.0,2.06,1.16,0.27,1.01,23.613333333333333
2021-12-01,23.5,23.42,23.59,23.27,196046,458384000.0,1.36,-0.76,-0.18,0.85,23.426666666666666
2021-12-02,23.3,22.98,23.38,22.95,215400,498070416.0,1.84,-1.88,-0.44,0.93,23.103333333333335
2021-12-03,22.9,23.08,23.25,22.86,225476,519509712.0,1.7,0.44,0.1,0.98,23.063333333333333
2021-12-06,22.8,22.45,22.93,22.25,377687,852582832.0,2.95,-2.73,-0.63,1.64,22.543333333333333
2021-12-07,22.65,22.62,22.74,22.31,182192,410454752.0,1.92,0.76,0.17,0.79,22.55666666666667
2021-12-08,22.68,22.94,22.95,22.51,243993,556023584.0,1.95,1.41,0.32,1.06,22.8
2021-12-09,22.95,23.32,23.4,22.85,271654,630027968.0,2.4,1.66,0.38,1.18,23.189999999999998
2021-12-10,23.24,23.16,23.25,23.02,202093,467121296.0,0.99,-0.69,-0.16,0.87,23.14333333333333
2021-12-13,23.29,23.7,23.7,23.1,310230,729695712.0,2.59,2.33,0.54,1.34,23.5
2021-12-14,23.43,23.5,23.74,23.43,185911,438539088.0,1.31,-0.84,-0.2,0.8,23.55666666666667
2021-12-15,23.5,23.14,23.73,23.1,214434,499386320.0,2.68,-1.53,-0.36,0.93,23.323333333333334
2021-12-16,23.2,23.17,23.37,23.13,124646,289288000.0,1.04,0.13,0.03,0.54,23.223333333333333
2021-12-17,23.11,22.71,23.17,22.68,185643,423617520.0,2.11,-1.99,-0.46,0.8,22.853333333333335
2021-12-20,22.64,22.37,22.88,22.31,137996,310949440.0,2.51,-1.5,-0.34,0.6,22.52
2021-12-21,22.37,22.5,22.58,22.35,109235,245262540.0,1.03,0.58,0.13,0.47,22.47666666666667
2021-12-22,22.55,22.74,22.94,22.51,170169,387322048.0,1.91,1.07,0.24,0.74,22.73
2021-12-23,22.77,23.19,23.39,22.7,280935,650609376.0,3.03,1.98,0.45,1.22,23.093333333333334
2021-12-24,23.16,23.05,23.24,22.81,202143,464848736.0,1.85,-0.6,-0.14,0.88,23.03333333333333
2021-12-27,22.92,23.25,23.38,22.9,151905,353095552.0,2.08,0.87,0.2,0.66,23.176666666666666
2021-12-28,23.3,23.41,23.66,23.21,198699,465298752.0,1.94,0.69,0.16,0.86,23.426666666666666
2021-12-29,23.38,23.12,23.63,23.1,193764,451970384.0,2.26,-1.24,-0.29,0.84,23.283333333333335
2021-12-30,23.12,23.61,23.89,23.12,289371,685742880.0,3.33,2.12,0.49,1.25,23.540000000000003
2021-12-31,23.71,23.55,23.78,23.45,151861,357613952.0,1.4,-0.25,-0.06,0.66,23.593333333333334
2022-01-04,23.65,23.26,23.7,23.02,235580,547895920.0,2.89,-1.23,-0.29,1.02,23.326666666666668
2022-01-05,23.21,22.77,23.34,22.58,245919,561247888.0,3.27,-2.11,-0.49,1.06,22.896666666666665
2022-01-06,22.66,22.7,22.84,22.5,225217,510591616.0,1.49,-0.31,-0.07,0.97,22.680000000000003
2022-01-07,22.66,22.57,22.85,22.56,187161,424494064.0,1.28,-0.57,-0.13,0.81,22.659999999999997
2022-01-10,22.56,22.82,22.82,22.16,241086,544097952.0,2.92,1.11,0.25,1.04,22.600000000000005
2022-01-11,22.8,22.65,22.97,22.6,172214,392328976.0,1.62,-0.74,-0.17,0.75,22.74
2022-01-12,22.73,22.69,22.79,22.53,141332,319824224.0,1.15,0.18,0.04,0.61,22.67
2022-01-13,22.69,22.24,22.73,22.22,187062,418641824.0,2.25,-1.98,-0.45,0.81,22.396666666666665
2022-01-14,22.19,22.26,22.38,22.03,134496,298846288.0,1.57,0.09,0.02,0.58,22.223333333333333
2022-01-17,22.2,22.52,22.62,22.18,174489,392347792.0,1.98,1.17,0.26,0.75,22.439999999999998
2022-01-18,22.59,22.63,22.85,22.48,170913,387115232.0,1.64,0.49,0.11,0.74,22.653333333333332
2022-01-19,22.59,22.26,22.68,22.25,147306,329861152.0,1.9,-1.63,-0.37,0.64,22.396666666666665
2022-01-20,22.24,21.98,22.36,21.96,180545,399513856.0,1.8,-1.26,-0.28,0.78,22.099999999999998
2022-01-21,21.99,21.66,22.03,21.4,206884,447826944.0,2.87,-1.46,-0.32,0.89,21.69666666666667
2022-01-24,21.58,21.58,21.66,21.34,113078,243256943.0,1.48,-0.37,-0.08,0.49,21.526666666666667
2022-01-25,21.5,21.16,21.64,21.16,177625,379659504.0,2.22,-1.95,-0.42,0.77,21.319999999999997
2022-01-26,21.16,20.56,21.3,20.36,316888,657967488.0,4.44,-2.84,-0.6,1.37,20.74
2022-01-27,20.26,19.72,20.84,19.41,386917,769994160.0,6.96,-4.09,-0.84,1.67,19.99
2022-01-28,19.83,19.55,20.06,19.24,251268,492170528.0,4.16,-0.86,-0.17,1.09,19.616666666666664
2022-02-07,19.89,19.6,20.18,19.53,200672,397633600.0,3.32,0.26,0.05,0.87,19.77
2022-02-08,19.6,19.86,19.88,19.4,164844,324220512.0,2.45,1.33,0.26,0.71,19.713333333333335
2022-02-09,19.87,20.03,20.1,19.78,187128,374341408.0,1.61,0.86,0.17,0.81,19.970000000000002
2022-02-10,20.03,20.08,20.15,19.97,152636,305851616.0,0.9,0.25,0.05,0.66,20.066666666666666
2022-02-11,20.0,19.69,20.02,19.64,183860,364306848.0,1.89,-1.94,-0.39,0.8,19.78333333333333
2022-02-14,19.65,19.44,19.87,19.33,145583,284535984.0,2.74,-1.27,-0.25,0.63,19.546666666666667
2022-02-15,19.54,19.71,19.73,19.45,117248,230436314.0,1.44,1.39,0.27,0.51,19.63
2022-02-16,19.88,19.69,19.94,19.61,99602,196357640.0,1.67,-0.1,-0.02,0.43,19.746666666666666
2022-02-17,19.63,19.39,19.65,19.36,190896,371321792.0,1.47,-1.52,-0.3,0.83,19.466666666666665
2022-02-18,19.24,19.51,19.54,18.97,226781,437783792.0,2.94,0.62,0.12,0.98,19.34
2022-02-21,19.43,19.58,19.58,19.38,157802,307931328.0,1.03,0.36,0.07,0.68,19.513333333333332
2022-02-22,19.46,19.31,19.46,19.26,134148,259238134.0,1.02,-1.38,-0.27,0.58,19.343333333333334
2022-02-23,19.33,19.75,19.79,19.33,169866,334205360.0,2.38,2.28,0.44,0.73,19.62333333333333
2022-02-24,19.67,19.54,19.91,19.32,220926,433079408.0,2.99,-1.06,-0.21,0.96,19.59
2022-02-25,19.68,19.48,19.76,19.42,117491,229828354.0,1.74,-0.31,-0.06,0.51,19.553333333333338
2022-02-28,19.63,19.43,19.68,19.33,123250,239407977.0,1.8,-0.26,-0.05,0.53,19.48
2022-03-01,19.38,19.44,19.49,19.28,148736,287906080.0,1.08,0.05,0.01,0.64,19.403333333333332
2022-03-02,19.36,19.29,19.36,19.2,117669,226483615.0,0.82,-0.77,-0.15,0.51,19.283333333333335
2022-03-03,19.3,18.97,19.38,18.95,252517,481438688.0,2.23,-1.66,-0.32,1.09,19.099999999999998
2022-03-04,18.92,18.97,19.18,18.8,131078,248985134.0,2.0,0.0,0.0,0.57,18.983333333333334
2022-03-07,18.96,18.02,18.96,17.9,252928,460725392.0,5.59,-5.01,-0.95,1.09,18.293333333333333
2022-03-08,17.91,17.58,18.17,17.48,191647,340333696.0,3.83,-2.44,-0.44,0.83,17.743333333333336
2022-03-09,17.6,17.19,17.84,16.49,236119,405174624.0,7.68,-2.22,-0.39,1.02,17.173333333333332
2022-03-10,17.5,17.38,17.65,17.31,182327,318302624.0,1.98,1.11,0.19,0.79,17.446666666666662
2022-03-11,17.03,17.43,17.49,16.75,231849,395113728.0,4.26,0.29,0.05,1.0,17.223333333333333
2022-03-14,17.27,16.98,17.27,16.96,130219,222996985.0,1.78,-2.58,-0.45,0.56,17.070000000000004
2022-03-15,16.8,15.99,16.9,15.98,211888,349156848.0,5.42,-5.83,-0.99,0.92,16.29
2022-03-16,16.23,16.42,16.47,15.53,209040,335597952.0,5.88,2.69,0.43,0.9,16.14
2022-03-17,16.73,16.72,16.94,16.63,171613,287727936.0,1.89,1.83,0.3,0.74,16.763333333333332
2022-03-18,16.58,16.7,16.79,16.51,134625,224374185.0,1.67,-0.12,-0.02,0.58,16.666666666666668
2022-03-21,16.82,16.91,16.98,16.61,147433,248250200.0,2.22,1.26,0.21,0.64,16.833333333333332
2022-03-22,16.89,16.88,16.99,16.77,88155,148495718.0,1.3,-0.18,-0.03,0.38,16.88
2022-03-23,16.9,17.08,17.45,16.86,178076,305472672.0,3.5,1.18,0.2,0.77,17.13
2022-03-24,17.0,16.77,17.08,16.71,117081,197418903.0,2.17,-1.81,-0.31,0.51,16.853333333333335
2022-03-25,16.84,16.7,16.92,16.57,81423,136223305.0,2.09,-0.42,-0.07,0.35,16.73
2022-03-28,16.59,16.66,16.72,16.28,100014,165152571.0,2.63,-0.24,-0.04,0.43,16.55333333333333
2022-03-29,16.68,16.35,16.85,16.28,87955,144915776.0,3.42,-1.86,-0.31,0.38,16.493333333333336
2022-03-30,16.35,16.59,16.62,16.26,142144,234166913.0,2.2,1.47,0.24,0.61,16.49
2022-03-31,16.5,16.12,16.5,16.07,163692,265881258.0,2.59,-2.83,-0.47,0.71,16.23
2022-04-01,16.07,16.11,16.25,15.92,120141,193401744.0,2.05,-0.06,-0.01,0.52,16.093333333333334
2022-04-06,16.13,15.96,16.14,15.77,173493,276308848.0,2.3,-0.93,-0.15,0.75,15.956666666666669
2022-04-07,15.95,15.9,16.39,15.86,193335,311073968.0,3.32,-0.38,-0.06,0.84,16.05
2022-04-08,15.9,15.97,16.0,15.51,143892,226598581.0,3.08,0.44,0.07,0.62,15.826666666666666
2022-04-11,15.97,15.45,15.97,15.39,166412,259125602.0,3.63,-3.26,-0.52,0.72,15.603333333333333
2022-04-12,15.49,15.97,15.97,15.39,133270,209250979.0,3.75,3.37,0.52,0.58,15.776666666666666
2022-04-13,15.89,15.84,16.0,15.7,78911,124934255.0,1.88,-0.81,-0.13,0.34,15.846666666666666
2022-04-14,15.95,16.01,16.1,15.84,89060,142342400.0,1.64,1.07,0.17,0.38,15.983333333333334
2022-04-15,15.88,16.3,16.38,15.87,136894,222086389.0,3.19,1.81,0.29,0.59,16.183333333333334
2022-04-18,16.21,16.89,16.95,16.14,177251,296474912.0,4.97,3.62,0.59,0.77,16.66
2022-04-19,16.8,16.72,16.91,16.65,121063,202526364.0,1.54,-1.01,-0.17,0.52,16.76
2022-04-20,16.73,16.72,16.93,16.63,83797,140533062.0,1.79,0.0,0.0,0.36,16.76
2022-04-21,16.65,16.39,16.88,16.27,94210,155699229.0,3.65,-1.97,-0.33,0.41,16.513333333333332
2022-04-22,16.52,16.59,16.6,16.12,95696,157177656.0,2.93,1.22,0.2,0.41,16.436666666666667
2022-04-25,16.35,15.6,16.4,15.59,132576,212191605.0,4.88,-5.97,-0.99,0.57,15.863333333333332
2022-04-26,15.6,15.2,15.79,15.15,115165,178463081.0,4.1,-2.56,-0.4,0.5,15.38
2022-04-27,15.09,16.29,16.36,15.03,154894,245395778.0,8.75,7.17,1.09,0.67,15.893333333333333
2022-04-28,16.2,16.25,16.54,16.07,124232,202484349.0,2.89,-0.25,-0.04,0.54,16.286666666666665
2022-04-29,16.43,16.68,16.7,16.22,162267,267583473.0,2.95,2.65,0.43,0.7,16.533333333333335
2022-05-05,16.68,16.6,16.78,16.42,132811,220809063.0,2.16,-0.48,-0.08,0.57,16.6
2022-05-06,16.26,16.44,16.54,16.2,83740,136898620.0,2.05,-0.96,-0.16,0.36,16.39333333333333
2022-05-09,16.29,16.45,16.53,16.28,56783,93320632.0,1.52,0.06,0.01,0.25,16.42
2022-05-10,16.28,16.8,16.85,16.2,118613,198486374.0,3.95,2.13,0.35,0.51,16.616666666666664
2022-05-11,16.89,16.8,17.19,16.71,148358,252292392.0,2.86,0.0,0.0,0.64,16.900000000000002
2022-05-12,16.68,16.81,16.94,16.61,77337,129929790.0,1.96,0.06,0.01,0.33,16.786666666666665
2022-05-13,16.87,16.8,16.91,16.67,70090,117532291.0,1.43,-0.06,-0.01,0.3,16.793333333333333
2022-05-16,16.82,16.64,16.89,16.59,68180,113905643.0,1.79,-0.95,-0.16,0.29,16.706666666666667
2022-05-17,16.56,16.65,16.72,16.46,66668,110605638.0,1.56,0.06,0.01,0.29,16.61
2022-05-18,16.66,16.84,16.92,16.56,84008,140770408.0,2.16,1.14,0.19,0.36,16.773333333333337
2022-05-19,16.68,17.34,17.35,16.62,169605,290540944.0,4.33,2.97,0.5,0.73,17.103333333333335
2022-05-20,17.36,17.27,17.74,17.11,129426,224624184.0,3.63,-0.4,-0.07,0.56,17.37333333333333
2022-05-23,17.35,16.98,17.39,16.88,151861,257977722.0,2.95,-1.68,-0.29,0.66,17.083333333333332
2022-05-24,16.98,16.48,17.06,16.48,131783,220699586.0,3.42,-2.94,-0.5,0.57,16.673333333333332
2022-05-25,16.43,16.54,16.64,16.35,88622,146196294.0,1.76,0.36,0.06,0.38,16.51
2022-05-26,16.08,15.73,16.08,15.6,111413,175488241.0,2.9,-4.9,-0.81,0.48,15.803333333333333
2022-05-27,15.74,15.76,15.93,15.57,95796,150530107.0,2.29,0.19,0.03,0.41,15.753333333333332
2022-05-30,15.87,15.79,15.87,15.7,62365,98318791.0,1.08,0.19,0.03,0.27,15.786666666666667
2022-05-31,15.78,16.24,16.34,15.6,162323,260194612.0,4.69,2.85,0.45,0.7,16.06
2022-06-01,16.2,16.17,16.45,16.11,104530,169688078.0,2.09,-0.43,-0.07,0.45,16.243333333333336
2022-06-02,16.2,16.47,16.48,16.12,129401,211663246.0,2.23,1.86,0.3,0.56,16.356666666666666
2022-06-06,16.46,17.06,17.09,16.4,200165,335815168.0,4.19,3.58,0.59,0.86,16.849999999999998
2022-06-07,16.9,16.67,16.98,16.6,130648,218802088.0,2.23,-2.29,-0.39,0.56,16.75
2022-06-08,16.71,16.6,16.81,16.34,103637,171837887.0,2.82,-0.42,-0.07,0.45,16.583333333333332
2022-06-09,16.5,16.19,16.58,16.12,93519,152286461.0,2.77,-2.47,-0.41,0.4,16.296666666666667
2022-06-10,16.05,16.4,16.42,16.03,108384,176044230.0,2.41,1.3,0.21,0.47,16.283333333333335
2022-06-13,16.23,16.05,16.31,15.9,159515,256617887.0,2.5,-2.13,-0.35,0.69,16.08666666666667
2022-06-14,15.9,16.13,16.15,15.65,114594,182136323.0,3.12,0.5,0.08,0.49,15.976666666666665
2022-06-15,16.17,16.5,16.76,16.14,204695,338617696.0,3.84,2.29,0.37,0.88,16.46666666666667
2022-06-16,16.51,16.41,16.74,16.36,106154,175530425.0,2.3,-0.55,-0.09,0.46,16.50333333333333
2022-06-17,16.38,16.62,16.63,16.28,113225,186790998.0,2.13,1.28,0.21,0.49,16.51
2022-06-20,16.66,16.64,16.79,16.56,110638,184401388.0,1.38,0.12,0.02,0.48,16.66333333333333
2022-06-21,16.64,16.68,16.85,16.45,110787,184517575.0,2.4,0.24,0.04,0.48,16.66
2022-06-22,16.67,16.31,16.67,16.31,117482,192718235.0,2.16,-2.22,-0.37,0.51,16.430000000000003
2022-06-23,16.31,16.69,16.69,16.31,129685,214853800.0,2.33,2.33,0.38,0.56,16.563333333333333
2022-06-24,16.62,17.02,17.05,16.62,240695,407520096.0,2.58,1.98,0.33,1.04,16.896666666666665
2022-06-27,17.15,16.95,17.26,16.84,209233,356380608.0,2.47,-0.41,-0.07,0.9,17.016666666666666
2022-06-28,16.91,17.17,17.22,16.66,233707,395733392.0,3.3,1.3,0.22,1.01,17.016666666666666
2022-06-29,17.13,16.87,17.48,16.85,299356,514109712.0,3.67,-1.75,-0.3,1.29,17.066666666666666
2022-06-30,16.91,16.99,17.18,16.85,130328,221821440.0,1.96,0.71,0.12,0.56,17.006666666666664
2022-07-01,17.01,17.02,17.15,16.86,107300,182562881.0,1.71,0.18,0.03,0.46,17.01
2022-07-04,16.95,16.85,17.01,16.7,152396,256315787.0,1.82,-1.0,-0.17,0.66,16.853333333333335
2022-07-05,16.85,16.56,17.0,16.37,236269,391781136.0,3.74,-1.72,-0.29,1.02,16.643333333333334
2022-07-06,16.56,16.59,16.64,16.4,159084,262926891.0,1.45,0.18,0.03,0.68,16.543333333333333
2022-07-07,16.5,16.57,16.66,16.45,90835,150643423.0,1.27,-0.12,-0.02,0.39,16.56
2022-07-08,16.66,16.57,16.75,16.56,91660,152769406.0,1.15,0.0,0.0,0.39,16.62666666666667
2022-07-11,16.5,16.13,16.54,16.0,125024,202132174.0,3.26,-2.66,-0.44,0.54,16.223333333333333
2022-07-12,16.1,15.86,16.1,15.85,89277,142200488.0,1.55,-1.67,-0.27,0.38,15.936666666666667
2022-07-13,15.82,15.77,15.92,15.69,91172,143809929.0,1.45,-0.57,-0.09,0.39,15.793333333333331
2022-07-14,15.74,15.78,15.9,15.61,68685,108460879.0,1.84,0.06,0.01,0.3,15.763333333333334
2022-07-15,15.77,15.55,15.92,15.55,86956,137064704.0,2.34,-1.46,-0.23,0.37,15.673333333333332
2022-07-18,15.58,15.86,15.9,15.5,93812,147437404.0,2.57,1.99,0.31,0.4,15.753333333333332
2022-07-19,15.79,16.04,16.08,15.78,88091,140921740.0,1.89,1.13,0.18,0.38,15.966666666666667
2022-07-20,16.07,15.96,16.24,15.93,105192,169082608.0,1.93,-0.5,-0.08,0.45,16.043333333333333
2022-07-21,15.97,15.97,16.14,15.91,76568,122749902.0,1.44,0.06,0.01,0.33,16.006666666666664
2022-07-22,15.98,15.79,16.03,15.67,77647,122892107.0,2.25,-1.13,-0.18,0.33,15.83
2022-07-25,15.79,15.65,15.89,15.62,65936,103531315.0,1.71,-0.89,-0.14,0.28,15.719999999999999
2022-07-26,15.69,15.63,15.75,15.56,60141,93839076.0,1.21,-0.13,-0.02,0.26,15.646666666666668
2022-07-27,15.63,15.59,15.63,15.52,53728,83644703.0,0.7,-0.26,-0.04,0.23,15.579999999999998
2022-07-28,15.66,16.19,16.35,15.65,200154,322891790.0,4.49,3.85,0.6,0.86,16.063333333333333
2022-07-29,16.19,15.89,16.28,15.86,109857,175764027.0,2.59,-1.85,-0.3,0.47,16.01
2022-08-01,15.85,16.18,16.2,15.66,109890,176619462.0,3.4,1.83,0.29,0.47,16.013333333333332
2022-08-02,16.01,15.88,16.03,15.6,132672,209937418.0,2.66,-1.85,-0.3,0.57,15.836666666666668
2022-08-03,15.76,15.87,16.16,15.75,117060,187316771.0,2.58,-0.06,-0.01,0.5,15.926666666666668
2022-08-04,16.0,16.04,16.16,15.85,99726,159783067.0,1.95,1.07,0.17,0.43,16.016666666666666
2022-08-05,16.08,16.56,16.57,16.01,251053,411282146.0,3.49,3.24,0.52,1.08,16.38
2022-08-08,16.62,16.52,16.68,16.29,146999,241355610.0,2.36,-0.24,-0.04,0.63,16.496666666666666
2022-08-09,16.48,16.64,16.66,16.26,144251,237123069.0,2.42,0.73,0.12,0.62,16.52
2022-08-10,16.48,16.39,16.79,16.36,146291,241915692.0,2.58,-1.5,-0.25,0.63,16.513333333333332
2022-08-11,16.43,16.83,16.92,16.43,266656,446323298.0,2.99,2.68,0.44,1.15,16.726666666666667
2022-08-12,16.85,16.97,17.13,16.74,261464,444073797.0,2.32,0.83,0.14,1.13,16.946666666666665
2022-08-15,16.5,17.13,17.19,16.42,338961,571571028.0,4.54,0.94,0.16,1.46,16.91333333333333
2022-08-16,17.18,17.44,17.6,16.89,376202,653023798.0,4.14,1.81,0.31,1.62,17.310000000000002
2022-08-17,17.49,17.39,17.56,17.22,211687,368148152.0,1.95,-0.29,-0.05,0.91,17.39
2022-08-18,17.43,17.13,17.44,17.1,214852,369898679.0,1.96,-1.5,-0.26,0.93,17.223333333333333
2022-08-19,17.15,17.0,17.66,17.0,227892,394077194.0,3.85,-0.76,-0.13,0.98,17.22
2022-08-22,17.04,17.07,17.33,16.85,139098,238105949.0,2.82,0.41,0.07,0.6,17.083333333333332
2022-08-23,16.99,16.67,17.06,16.61,205065,343242550.0,2.64,-2.34,-0.4,0.88,16.78
2022-08-24,16.8,16.13,16.83,16.08,185486,302982931.0,4.5,-3.24,-0.54,0.8,16.346666666666664
2022-08-25,16.13,16.12,16.2,15.92,94065,151005156.0,1.74,-0.06,-0.01,0.4,16.08
2022-08-26,16.15,16.1,16.27,16.06,72352,116765556.0,1.3,-0.12,-0.02,0.31,16.143333333333334
2022-08-29,15.87,15.97,16.02,15.8,64471,102696501.0,1.37,-0.81,-0.13,0.28,15.93
2022-08-30,15.93,16.02,16.05,15.85,63360,100979496.0,1.25,0.31,0.05,0.27,15.973333333333334
2022-08-31,16.01,15.9,16.07,15.8,72095,114609614.0,1.69,-0.75,-0.12,0.31,15.923333333333334
2022-09-01,15.84,15.88,15.99,15.8,50076,79590373.0,1.19,-0.13,-0.02,0.22,15.89
2022-09-02,15.81,15.91,15.98,15.81,53038,84365718.0,1.07,0.19,0.03,0.23,15.9
2022-09-05,15.91,15.74,15.93,15.67,71552,112567725.0,1.63,-1.07,-0.17,0.31,15.780000000000001
2022-09-06,15.75,15.9,15.9,15.71,60443,95476105.0,1.21,1.02,0.16,0.26,15.836666666666666
2022-09-07,15.81,15.86,16.0,15.77,76522,121519745.0,1.45,-0.25,-0.04,0.33,15.876666666666665
2022-09-08,15.84,15.53,15.86,15.51,122162,190673405.0,2.21,-2.08,-0.33,0.53,15.633333333333333
2022-09-09,15.53,15.64,15.65,15.38,85653,132866775.0,1.74,0.71,0.11,0.37,15.556666666666667
2022-09-13,15.7,15.47,15.87,15.43,109969,171874155.0,2.81,-1.09,-0.17,0.47,15.589999999999998
2022-09-14,15.33,15.3,15.35,15.16,74733,114105006.0,1.23,-1.1,-0.17,0.32,15.270000000000001
2022-09-15,15.39,14.9,15.39,14.75,200613,301377840.0,4.18,-2.61,-0.4,0.86,15.013333333333334
2022-09-16,14.86,14.51,14.99,14.45,157770,231976077.0,3.62,-2.62,-0.39,0.68,14.649999999999999
2022-09-19,14.52,14.35,14.57,14.24,79177,113757378.0,2.27,-1.1,-0.16,0.34,14.386666666666668
2022-09-20,14.39,14.26,14.49,14.23,74715,106910184.0,1.81,-0.63,-0.09,0.32,14.326666666666666
2022-09-21,14.26,14.0,14.29,13.62,155099,215252350.0,4.7,-1.82,-0.26,0.67,13.969999999999999
2022-09-22,13.88,13.74,13.97,13.73,96107,132837208.0,1.71,-1.86,-0.26,0.41,13.813333333333334
2022-09-23,13.75,13.44,13.82,13.28,168643,227631359.0,3.93,-2.18,-0.3,0.73,13.513333333333334
2022-09-26,13.32,13.2,13.48,13.17,111199,147885162.0,2.31,-1.79,-0.24,0.48,13.283333333333331
2022-09-27,13.22,13.44,13.45,13.22,94829,126763066.0,1.74,1.82,0.24,0.41,13.37
2022-09-28,13.41,13.12,13.41,13.12,88008,116304347.0,2.16,-2.38,-0.32,0.38,13.216666666666667
2022-09-29,13.23,13.16,13.35,13.07,81164,107234583.0,2.13,0.3,0.04,0.35,13.193333333333333
2022-09-30,13.15,13.1,13.24,13.06,60180,79097395.0,1.37,-0.46,-0.06,0.26,13.133333333333333
2022-10-10,13.1,12.7,13.16,12.67,94714,121878322.0,3.74,-3.05,-0.4,0.41,12.843333333333334
2022-10-11,12.7,12.77,12.87,12.64,65480,83426014.0,1.81,0.55,0.07,0.28,12.76
2022-10-12,12.78,13.24,13.26,12.72,107330,139399780.0,4.23,3.68,0.47,0.46,13.073333333333332
2022-10-13,13.21,13.28,13.42,13.1,81621,108624134.0,2.42,0.3,0.04,0.35,13.266666666666666
2022-10-14,13.39,13.48,13.52,13.3,82922,111502137.0,1.66,1.51,0.2,0.36,13.433333333333332
2022-10-17,13.47,13.69,13.72,13.44,77166,105165499.0,2.08,1.56,0.21,0.33,13.616666666666667
2022-10-18,13.83,13.72,13.83,13.56,78326,107165614.0,1.97,0.22,0.03,0.34,13.703333333333333
2022-10-19,13.67,13.59,13.8,13.57,59051,80755502.0,1.68,-0.95,-0.13,0.25,13.653333333333334
2022-10-20,13.59,13.82,13.91,13.52,85944,118247665.0,2.87,1.69,0.23,0.37,13.75
2022-10-21,13.8,13.78,13.89,13.71,56006,77249144.0,1.3,-0.29,-0.04,0.24,13.793333333333335
2022-10-24,13.77,13.49,13.99,13.4,85170,116339073.0,4.28,-2.1,-0.29,0.37,13.626666666666667
2022-10-25,13.48,13.4,13.6,13.28,60592,81328271.0,2.37,-0.67,-0.09,0.26,13.426666666666668
2022-10-26,13.48,13.94,14.1,13.45,140236,194657806.0,4.85,4.03,0.54,0.6,13.829999999999998
2022-10-27,13.94,14.08,14.25,13.9,108589,153167378.0,2.51,1.0,0.14,0.47,14.076666666666666
2022-10-28,13.79,13.5,13.98,13.49,116277,159941296.0,3.48,-4.12,-0.58,0.5,13.656666666666666
2022-10-31,13.51,13.87,13.99,13.51,82817,114370694.0,3.56,2.74,0.37,0.36,13.79
2022-11-01,13.88,14.04,14.05,13.77,78803,109926532.0,2.02,1.23,0.17,0.34,13.953333333333333
2022-11-02,14.02,14.19,14.33,14.02,100652,143276906.0,2.21,1.07,0.15,0.43,14.18
2022-11-03,14.12,14.33,14.38,14.06,74634,106219700.0,2.26,0.99,0.14,0.32,14.256666666666668
2022-11-04,14.26,14.32,14.48,14.23,95955,137651705.0,1.74,-0.07,-0.01,0.41,14.343333333333334
2022-11-07,14.37,14.19,14.44,14.15,79647,113381224.0,2.03,-0.91,-0.13,0.34,14.26
2022-11-08,14.15,14.07,14.17,13.95,71943,100909142.0,1.55,-0.85,-0.12,0.31,14.063333333333333
2022-11-09,14.11,14.22,14.24,14.0,70347,99559627.0,1.71,1.07,0.15,0.3,14.153333333333334
2022-11-10,14.13,13.8,14.21,13.75,99453,138410044.0,3.23,-2.95,-0.42,0.43,13.920000000000002
2022-11-11,14.25,14.16,14.39,14.11,132720,188962659.0,2.03,2.61,0.36,0.57,14.219999999999999
2022-11-14,14.15,14.34,14.51,14.14,141851,204077239.0,2.61,1.27,0.18,0.61,14.329999999999998
2022-11-15,14.27,15.0,15.08,14.23,225739,334288661.0,5.93,4.6,0.66,0.97,14.770000000000001
2022-11-16,15.0,15.29,15.38,14.92,188733,287628648.0,3.07,1.93,0.29,0.81,15.196666666666667
2022-11-17,15.2,15.41,15.45,14.98,132534,201957926.0,3.07,0.78,0.12,0.57,15.280000000000001
2022-11-18,15.32,15.27,15.44,15.21,94756,145314842.0,1.49,-0.91,-0.14,0.41,15.306666666666667
2022-11-21,15.2,15.42,15.43,15.07,106600,162518172.0,2.36,0.98,0.15,0.46,15.306666666666667
2022-11-22,15.37,15.5,15.82,15.31,131900,206153969.0,3.31,0.52,0.08,0.57,15.543333333333335
2022-11-23,15.42,15.53,15.55,15.25,94552,145774578.0,1.94,0.19,0.03,0.41,15.443333333333333
2022-11-24,15.52,15.33,15.61,15.28,61594,94677039.0,2.12,-1.29,-0.2,0.26,15.406666666666666
2022-11-25,15.37,15.19,15.45,15.17,53472,81597771.0,1.83,-0.91,-0.14,0.23,15.269999999999998
2022-11-28,15.04,15.01,15.13,14.85,70878,106245181.0,1.84,-1.18,-0.18,0.3,14.996666666666668
2022-11-29,15.05,15.1,15.18,14.98,54253,81924268.0,1.33,0.6,0.09,0.23,15.086666666666666
2022-11-30,15.14,15.09,15.18,15.0,52037,78387280.0,1.19,-0.07,-0.01,0.22,15.089999999999998
2022-12-01,15.21,15.02,15.29,15.0,70184,106145200.0,1.92,-0.46,-0.07,0.3,15.103333333333333
2022-12-02,15.03,14.92,15.15,14.9,59520,89228190.0,1.66,-0.67,-0.1,0.26,14.99
2022-12-05,14.94,15.26,15.27,14.94,72635,110115567.0,2.21,2.28,0.34,0.31,15.156666666666666
2022-12-06,15.22,15.33,15.37,15.15,71524,109460323.0,1.44,0.46,0.07,0.31,15.283333333333333
2022-12-07,15.32,14.76,15.32,14.72,149958,224129573.0,3.91,-3.72,-0.57,0.64,14.933333333333332
2022-12-08,14.76,14.63,14.77,14.54,87586,127999325.0,1.56,-0.88,-0.13,0.38,14.646666666666667
2022-12-09,14.62,14.81,14.88,14.6,93272,137452854.0,1.91,1.23,0.18,0.4,14.763333333333334
2022-12-12,14.75,15.38,15.56,14.69,164503,251085927.0,5.87,3.85,0.57,0.71,15.21
2022-12-13,15.33,15.22,15.45,15.18,50993,77798700.0,1.76,-1.04,-0.16,0.22,15.283333333333333
2022-12-14,15.37,15.1,15.49,15.07,74915,114429722.0,2.76,-0.79,-0.12,0.32,15.22
2022-12-15,15.09,15.37,15.46,14.98,82504,126740147.0,3.18,1.79,0.27,0.35,15.270000000000001
2022-12-16,15.3,15.38,15.38,15.17,72290,110455886.0,1.37,0.07,0.01,0.31,15.31
2022-12-19,15.38,15.05,15.4,15.01,63985,96604730.0,2.54,-2.15,-0.33,0.28,15.153333333333334
2022-12-20,15.03,14.89,15.16,14.81,52165,78017484.0,2.33,-1.06,-0.16,0.22,14.953333333333333
2022-12-21,14.84,14.81,14.98,14.7,44297,65736457.0,1.88,-0.54,-0.08,0.19,14.83
2022-12-22,14.93,14.86,15.22,14.8,47034,70369500.0,2.84,0.34,0.05,0.2,14.96
2022-12-23,14.85,14.62,14.98,14.55,47208,69521669.0,2.89,-1.62,-0.24,0.2,14.716666666666667
2022-12-26,14.62,14.86,14.9,14.61,45337,67122001.0,1.98,1.64,0.24,0.19,14.79
2022-12-27,14.91,14.86,14.95,14.67,42005,62166962.0,1.88,0.0,0.0,0.18,14.826666666666666
2022-12-28,14.85,14.73,14.89,14.68,34050,50157464.0,1.41,-0.87,-0.13,0.15,14.766666666666666
2022-12-29,14.69,14.54,14.79,14.5,54265,79254055.0,1.97,-1.29,-0.19,0.23,14.61
2022-12-30,14.64,14.41,14.7,14.38,51397,74501641.0,2.2,-0.89,-0.13,0.22,14.496666666666664
2023-01-03,14.46,15.18,15.21,14.15,136539,202885222.0,7.36,5.34,0.77,0.59,14.846666666666666
2023-01-04,15.15,15.23,15.43,15.1,78086,119229523.0,2.17,0.33,0.05,0.34,15.253333333333336
2023-01-05,15.22,15.2,15.29,15.15,51140,77743624.0,0.92,-0.2,-0.03,0.22,15.213333333333333
2023-01-06,15.16,15.12,15.29,15.05,45805,69388413.0,1.58,-0.53,-0.08,0.2,15.153333333333334
2023-01-09,15.12,14.99,15.2,14.96,73771,111011712.0,1.59,-0.86,-0.13,0.32,15.049999999999999
2023-01-10,15.05,15.01,15.15,14.91,44013,66238357.0,1.6,0.13,0.02,0.19,15.023333333333333
2023-01-11,15.02,15.06,15.34,15.02,82367,125190591.0,2.13,0.33,0.05,0.35,15.14
2023-01-12,14.96,14.97,15.1,14.88,43823,65582698.0,1.46,-0.6,-0.09,0.19,14.983333333333334
2023-01-13,14.93,15.08,15.15,14.92,39939,59852148.0,1.54,0.73,0.11,0.17,15.049999999999999
2023-01-16,15.01,15.38,15.43,15.0,99105,151943871.0,2.85,1.99,0.3,0.43,15.270000000000001
2023-01-17,15.43,15.6,15.75,15.34,119857,186989598.0,2.67,1.43,0.22,0.51,15.563333333333333
2023-01-18,15.6,15.84,15.9,15.6,111416,175978590.0,1.92,1.54,0.24,0.48,15.780000000000001
2023-01-19,15.78,16.0,16.02,15.7,89561,142665609.0,2.02,1.01,0.16,0.38,15.906666666666666
2023-01-20,16.02,16.04,16.1,15.93,70755,113246678.0,1.06,0.25,0.04,0.3,16.023333333333333
2023-01-30,16.17,16.23,16.35,16.11,111322,180656358.0,1.5,1.18,0.19,0.48,16.23
2023-01-31,16.24,16.15,16.3,16.12,92870,150199942.0,1.11,-0.49,-0.08,0.4,16.19
2023-02-01,16.3,16.48,16.55,16.17,123958,203727650.0,2.35,2.04,0.33,0.53,16.400000000000002
2023-02-02,16.52,16.61,16.75,16.46,137837,229549868.0,1.76,0.79,0.13,0.59,16.606666666666666
2023-02-03,16.61,16.6,16.68,16.34,94825,156349187.0,2.05,-0.06,-0.01,0.41,16.54
2023-02-06,16.51,16.24,16.53,16.15,92612,150743117.0,2.29,-2.17,-0.36,0.4,16.30666666666667
2023-02-07,16.28,16.49,16.53,16.16,101914,167730867.0,2.28,1.54,0.25,0.44,16.39333333333333
2023-02-08,16.55,16.48,16.72,16.4,90891,150369674.0,1.94,-0.06,-0.01,0.39,16.53333333333333
2023-02-09,16.43,16.83,16.85,16.38,148424,248086251.0,2.85,2.12,0.35,0.64,16.686666666666667
2023-02-10,16.83,17.36,18.0,16.83,391826,689792582.0,6.95,3.15,0.53,1.68,17.396666666666665
2023-02-13,17.36,18.04,18.15,17.15,326660,582632975.0,5.76,3.92,0.68,1.4,17.779999999999998
2023-02-14,17.86,17.68,18.05,17.58,160182,285040155.0,2.61,-2.0,-0.36,0.69,17.77
2023-02-15,17.68,18.1,18.15,17.53,259788,466073145.0,3.51,2.38,0.42,1.12,17.926666666666666
2023-02-16,18.02,17.85,18.55,17.7,330961,602406799.0,4.7,-1.38,-0.25,1.42,18.033333333333335
2023-02-17,17.83,17.0,17.91,16.99,271818,471449224.0,5.15,-4.76,-0.85,1.17,17.3
2023-02-20,17.11,17.98,18.04,16.94,238455,421219663.0,6.47,5.76,0.98,1.02,17.653333333333336
2023-02-21,17.97,17.75,18.39,17.56,182877,328036894.0,4.62,-1.28,-0.23,0.79,17.900000000000002
2023-02-22,17.63,17.59,17.74,17.51,65050,114734666.0,1.3,-0.9,-0.16,0.28,17.613333333333333
2023-02-23,17.59,17.21,17.65,17.16,101506,175695828.0,2.79,-2.16,-0.38,0.44,17.34
2023-02-24,17.27,17.23,17.44,17.1,98894,170618575.0,1.98,0.12,0.02,0.42,17.25666666666667
2023-02-27,17.15,17.11,17.4,17.04,90856,155965107.0,2.09,-0.7,-0.12,0.39,17.183333333333334
2023-02-28,17.45,18.13,18.24,17.35,456583,822103799.0,5.2,5.96,1.02,1.96,17.906666666666666
2023-03-01,18.03,18.38,18.41,17.96,221606,404659831.0,2.48,1.38,0.25,0.95,18.25
2023-03-02,18.47,18.51,18.69,18.38,187649,347620458.0,1.69,0.71,0.13,0.81,18.526666666666667
2023-03-03,18.59,18.24,18.65,18.08,170425,311041053.0,3.08,-1.46,-0.27,0.73,18.323333333333334
2023-03-06,18.27,18.27,18.44,18.08,152578,278922449.0,1.97,0.16,0.03,0.66,18.263333333333332
2023-03-07,18.21,17.7,18.32,17.62,176099,316155974.0,3.83,-3.12,-0.57,0.76,17.88
2023-03-08,17.72,18.2,18.29,17.72,182635,330870680.0,3.22,2.82,0.5,0.78,18.069999999999997
2023-03-09,18.23,18.23,18.38,17.97,106011,193299597.0,2.25,0.16,0.03,0.46,18.19333333333333
2023-03-10,18.05,17.88,18.24,17.84,100121,180406866.0,2.19,-1.92,-0.35,0.43,17.986666666666665
2023-03-13,17.83,17.79,17.99,17.61,157247,279372347.0,2.13,-0.5,-0.09,0.68,17.796666666666663
2023-03-14,17.78,17.53,17.8,17.26,168777,294898125.0,3.04,-1.46,-0.26,0.73,17.53
2023-03-15,17.71,17.4,17.84,17.38,161443,283147614.0,2.62,-0.74,-0.13,0.69,17.54
2023-03-16,17.35,17.39,17.67,17.3,85057,148791042.0,2.13,-0.06,-0.01,0.37,17.453333333333333
2023-03-17,17.45,17.75,18.02,17.45,109078,194571300.0,3.28,2.07,0.36,0.47,17.74
2023-03-20,18.1,18.35,18.58,17.89,243607,445113366.0,3.89,3.38,0.6,1.05,18.273333333333333
2023-03-21,18.29,18.2,18.5,18.14,133163,243833998.0,1.96,-0.82,-0.15,0.57,18.28
2023-03-22,18.26,18.84,18.86,18.15,252118,470708789.0,3.9,3.52,0.64,1.08,18.616666666666664
2023-03-23,18.86,19.61,19.96,18.68,583539,1130678571.0,6.79,4.09,0.77,2.51,19.416666666666668
2023-03-24,19.98,19.85,20.66,19.6,578882,1159812558.0,5.41,1.22,0.24,2.49,20.03666666666667
2023-03-27,19.74,19.31,20.0,19.0,307129,597841560.0,5.04,-2.72,-0.54,1.32,19.436666666666667
2023-03-28,19.22,19.07,19.31,18.86,193200,368232146.0,2.33,-1.24,-0.24,0.83,19.080000000000002
2023-03-29,19.01,18.73,19.18,18.6,200590,377642336.0,3.04,-1.78,-0.34,0.86,18.83666666666667
2023-03-30,18.8,18.75,19.11,18.5,189367,355330020.0,3.26,0.11,0.02,0.81,18.786666666666665
2023-03-31,18.61,18.46,18.79,18.25,185872,343507840.0,2.88,-1.55,-0.29,0.79,18.5
2023-04-03,18.6,19.0,19.1,18.4,240664,453410055.0,3.79,2.93,0.54,1.03,18.833333333333332
2023-04-04,19.01,19.02,19.29,18.8,247731,472170809.0,2.58,0.11,0.02,1.06,19.036666666666665
2023-04-06,19.0,19.83,20.15,18.92,496223,978887761.0,6.47,4.26,0.81,2.12,19.633333333333333
2023-04-07,19.71,19.63,19.79,19.25,217794,424334722.0,2.72,-1.01,-0.2,0.93,19.55666666666667
2023-04-10,19.62,19.53,20.23,19.48,299101,592975057.0,3.82,-0.51,-0.1,1.28,19.746666666666666
2023-04-11,19.49,19.53,19.73,19.31,195150,380440418.0,2.15,0.0,0.0,0.83,19.523333333333333
2023-04-12,19.6,19.76,19.95,19.47,158367,313010403.0,2.46,1.18,0.23,0.68,19.72666666666667
2023-04-13,19.77,19.06,19.77,19.03,179536,345506015.0,3.74,-3.54,-0.7,0.77,19.286666666666665
2023-04-14,19.07,19.04,19.2,18.58,122911,231951397.0,3.25,-0.1,-0.02,0.53,18.94
2023-04-17,18.96,18.81,18.96,18.64,138260,259306930.0,1.68,-1.21,-0.23,0.59,18.80333333333333
2023-04-18,18.7,18.58,18.77,18.31,155387,287492609.0,2.45,-1.22,-0.23,0.66,18.55333333333333
2023-04-19,18.32,18.53,18.99,18.32,175991,327936877.0,3.61,-0.27,-0.05,0.75,18.613333333333333
2023-04-20,18.48,19.7,19.78,18.37,385394,745128907.0,7.61,6.31,1.17,1.65,19.283333333333335
2023-04-21,19.75,17.82,19.75,17.74,409005,754373844.0,10.2,-9.54,-1.88,1.75,18.436666666666664
2023-04-24,17.66,17.35,18.17,17.22,289175,506893317.0,5.33,-2.64,-0.47,1.24,17.580000000000002
2023-04-25,17.35,17.35,17.68,17.12,168321,291836347.0,3.23,0.0,0.0,0.72,17.383333333333333
2023-04-26,17.22,16.66,17.36,16.38,241656,403591670.0,5.65,-3.98,-0.69,1.03,16.799999999999997
2023-04-27,16.7,16.28,16.82,16.14,199562,326113230.0,4.08,-2.28,-0.38,0.85,16.413333333333334
2023-04-28,16.28,16.05,16.44,15.85,352450,566435634.0,3.62,-1.41,-0.23,1.51,16.113333333333333
2023-05-04,15.97,15.49,16.1,15.47,251954,395475377.0,3.93,-3.49,-0.56,1.08,15.686666666666667
2023-05-05,15.57,15.43,15.81,15.39,147630,229710236.0,2.71,-0.39,-0.06,0.63,15.543333333333335
2023-05-08,15.48,15.4,15.58,15.18,131116,201731466.0,2.59,-0.19,-0.03,0.56,15.386666666666665
2023-05-09,15.4,15.32,16.05,15.27,247520,385649766.0,5.06,-0.52,-0.08,1.06,15.546666666666667
2023-05-10,15.32,15.14,15.45,14.99,147358,223037227.0,3.0,-1.17,-0.18,0.63,15.193333333333333
2023-05-11,15.14,14.96,15.26,14.9,150520,226271053.0,2.38,-1.19,-0.18,0.64,15.040000000000001
2023-05-12,14.91,14.8,15.08,14.76,111975,166536162.0,2.14,-1.07,-0.16,0.48,14.88
2023-05-15,14.76,14.82,14.82,14.46,193817,283977489.0,2.43,0.14,0.02,0.83,14.700000000000001
2023-05-16,14.83,14.72,14.86,14.48,147664,216150088.0,2.56,-0.67,-0.1,0.63,14.686666666666667
2023-05-17,14.74,14.81,14.89,14.59,138973,205031116.0,2.04,0.61,0.09,0.59,14.763333333333334
2023-05-18,14.84,15.01,15.19,14.78,208721,313309575.0,2.77,1.35,0.2,0.89,14.993333333333332
2023-05-19,15.01,15.1,15.15,14.85,157987,237182116.0,2.0,0.6,0.09,0.67,15.033333333333333
2023-05-22,15.21,15.15,15.38,15.03,138785,210732518.0,2.32,0.33,0.05,0.59,15.186666666666667
2023-05-23,15.14,15.08,15.24,15.01,124086,187655441.0,1.52,-0.46,-0.07,0.53,15.11
2023-05-24,15.0,15.07,15.25,14.86,106292,160480835.0,2.59,-0.07,-0.01,0.45,15.06
2023-05-25,15.08,15.06,15.25,14.82,117586,176244773.0,2.85,-0.07,-0.01,0.5,15.043333333333335
2023-05-26,14.7,14.69,14.76,14.5,94414,138261667.0,1.73,-2.46,-0.37,0.4,14.649999999999999
2023-05-29,14.82,15.07,15.25,14.72,247069,371999359.0,3.61,2.59,0.38,1.06,15.013333333333334
2023-05-30,15.07,15.25,15.25,14.88,204189,308658666.0,2.46,1.19,0.18,0.87,15.126666666666667
2023-05-31,15.29,15.26,15.37,15.07,173465,263854139.0,1.97,0.07,0.01,0.74,15.233333333333333
2023-06-01,15.18,15.17,15.4,15.08,146630,223705892.0,2.1,-0.59,-0.09,0.63,15.216666666666667
2023-06-02,15.23,15.16,15.33,15.03,136088,206100555.0,1.98,-0.07,-0.01,0.58,15.173333333333332
2023-06-05,15.16,15.22,15.33,15.1,138128,210121960.0,1.52,0.4,0.06,0.59,15.216666666666667
2023-06-06,15.16,14.75,15.21,14.7,141549,210617833.0,3.35,-3.09,-0.47,0.6,14.886666666666665
2023-06-07,14.78,14.7,14.88,14.63,83465,123078559.0,1.69,-0.34,-0.05,0.36,14.736666666666666
2023-06-08,14.67,14.57,14.69,14.42,96256,139950792.0,1.84,-0.88,-0.13,0.41,14.56
2023-06-09,14.58,14.83,14.88,14.44,117321,172073302.0,3.02,1.78,0.26,0.5,14.716666666666667
2023-06-12,14.85,14.92,15.09,14.75,144880,216246133.0,2.29,0.61,0.09,0.62,14.92
2023-06-13,14.93,15.17,15.2,14.82,157020,236716097.0,2.55,1.68,0.25,0.67,15.063333333333333
2023-06-14,15.17,15.18,15.23,14.97,136781,206779196.0,1.71,0.07,0.01,0.58,15.126666666666667
2023-06-15,15.18,15.14,15.27,15.02,142298,215200768.0,1.65,-0.26,-0.04,0.61,15.143333333333333
2023-06-16,15.14,15.4,15.47,15.13,217375,333524035.0,2.25,1.72,0.26,0.93,15.333333333333334
2023-06-19,15.4,16.11,16.32,15.09,545831,863257733.0,7.99,4.61,0.71,2.33,15.839999999999998
2023-06-20,16.07,15.3,16.07,15.25,509082,786954954.0,5.09,-5.03,-0.81,2.17,15.540000000000001
2023-06-21,15.21,14.59,15.26,14.59,356187,526782017.0,4.38,-4.64,-0.71,1.52,14.813333333333333
2023-06-26,14.5,13.7,14.57,13.67,342970,479880509.0,6.17,-6.1,-0.89,1.47,13.979999999999999
2023-06-27,13.7,14.2,14.27,13.67,232233,326088100.0,4.38,3.65,0.5,0.99,14.046666666666667
2023-06-28,14.18,13.91,14.2,13.67,173215,240322370.0,3.73,-2.04,-0.29,0.74,13.926666666666668
2023-06-29,13.89,13.86,14.0,13.81,128567,178493365.0,1.37,-0.36,-0.05,0.55,13.89
2023-06-30,13.83,14.2,14.25,13.83,211430,298444371.0,3.03,2.45,0.34,0.9,14.093333333333334
2023-07-03,14.21,14.38,14.47,14.17,159284,228435248.0,2.11,1.27,0.18,0.68,14.340000000000002
2023-07-04,14.44,14.76,14.82,14.33,208225,305327921.0,3.41,2.64,0.38,0.89,14.636666666666665
2023-07-05,14.76,15.29,15.74,14.73,420434,642038733.0,6.84,3.59,0.53,1.79,15.253333333333332
2023-07-06,15.34,15.51,15.87,15.2,344628,536728695.0,4.38,1.44,0.22,1.47,15.526666666666666
2023-07-07,15.5,15.0,15.64,14.8,260008,391330477.0,5.42,-3.29,-0.51,1.11,15.146666666666667
2023-07-10,15.15,14.81,15.2,14.77,165122,245344511.0,2.87,-1.27,-0.19,0.7,14.926666666666668
2023-07-11,14.84,15.11,15.24,14.79,152173,229509864.0,3.04,2.03,0.3,0.65,15.046666666666667
2023-07-12,15.08,14.93,15.23,14.89,140187,211301905.0,2.25,-1.19,-0.18,0.6,15.016666666666666
2023-07-13,15.0,15.36,15.39,14.94,188448,287599950.0,3.01,2.88,0.43,0.8,15.229999999999999
2023-07-14,15.45,15.58,15.8,15.35,229484,357403151.0,2.93,1.43,0.22,0.98,15.576666666666666
2023-07-17,15.65,16.13,16.38,15.63,397828,640336310.0,4.81,3.53,0.55,1.69,16.046666666666667
2023-07-18,16.06,16.15,16.4,16.0,280723,454240219.0,2.48,0.12,0.02,1.19,16.183333333333334
2023-07-19,16.15,15.94,16.25,15.87,174317,278574219.0,2.35,-1.3,-0.21,0.74,16.02
2023-07-20,16.0,15.45,16.05,15.41,174858,273402647.0,4.02,-3.07,-0.49,0.74,15.636666666666665
2023-07-21,15.45,15.58,15.75,15.35,136356,212834054.0,2.59,0.84,0.13,0.58,15.56
2023-07-24,15.53,15.83,15.92,15.41,180458,284127891.0,3.27,1.6,0.25,0.77,15.719999999999999
2023-07-25,15.98,16.5,16.86,15.88,420046,689199356.0,6.19,4.23,0.67,1.79,16.413333333333334
2023-07-26,16.45,15.96,16.45,15.88,265094,423944506.0,3.45,-3.27,-0.54,1.13,16.096666666666668
2023-07-27,15.95,15.86,16.08,15.72,248095,394129218.0,2.26,-0.63,-0.1,1.06,15.886666666666665
2023-07-28,15.76,16.03,16.15,15.66,171134,273470136.0,3.09,1.07,0.17,0.73,15.946666666666667
2023-07-31,16.11,15.93,16.23,15.86,214830,344597213.0,2.31,-0.62,-0.1,0.91,16.006666666666668
2023-08-01,15.93,16.02,16.12,15.72,159237,254710731.0,2.51,0.56,0.09,0.68,15.953333333333333
2023-08-02,15.9,15.94,16.2,15.78,156340,249371981.0,2.62,-0.5,-0.08,0.67,15.973333333333331
2023-08-03,15.86,15.86,15.97,15.43,188240,295950015.0,3.39,-0.5,-0.08,0.8,15.753333333333332
2023-08-04,15.88,16.0,16.24,15.88,119553,191846450.0,2.27,0.88,0.14,0.51,16.04
2023-08-07,16.0,15.98,16.13,15.87,86814,138776180.0,1.63,-0.13,-0.02,0.37,15.993333333333334
2023-08-08,15.98,15.7,16.02,15.7,88117,139464784.0,2.0,-1.75,-0.28,0.38,15.806666666666667
2023-08-09,15.69,15.39,15.8,15.37,136635,212098805.0,2.74,-1.97,-0.31,0.58,15.520000000000001
2023-08-10,15.38,15.77,15.87,15.25,279398,437697096.0,4.03,2.47,0.38,1.19,15.63
2023-08-11,15.81,15.22,15.85,15.21,167107,258469171.0,4.06,-3.49,-0.55,0.71,15.426666666666668
2023-08-14,15.15,15.2,15.39,14.88,137583,207210285.0,3.35,-0.13,-0.02,0.59,15.156666666666666
2023-08-15,15.23,15.05,15.51,14.92,102502,155663887.0,3.88,-0.99,-0.15,0.44,15.160000000000002
2023-08-16,15.05,14.73,15.11,14.73,68307,101608358.0,2.52,-2.13,-0.32,0.29,14.856666666666667
2023-08-17,14.72,14.85,15.0,14.53,99742,148020309.0,3.19,0.81,0.12,0.42,14.793333333333335
2023-08-18,14.85,14.45,15.02,14.45,94570,138447486.0,3.84,-2.69,-0.4,0.4,14.64
2023-08-21,14.4,14.28,14.57,14.26,100496,144640804.0,2.15,-1.18,-0.17,0.43,14.37
2023-08-22,14.41,14.77,14.8,14.31,143118,207920473.0,3.43,3.43,0.49,0.61,14.626666666666665
2023-08-23,14.79,14.28,14.79,14.25,103433,149021894.0,3.66,-3.32,-0.49,0.44,14.44
2023-08-24,14.35,14.2,14.43,14.01,135280,192312480.0,2.94,-0.56,-0.08,0.58,14.213333333333333
2023-08-25,14.12,14.07,14.23,13.94,91019,128089099.0,2.04,-0.92,-0.13,0.39,14.08
2023-08-28,14.77,14.21,14.93,14.16,127374,183707972.0,5.47,1.0,0.14,0.54,14.433333333333332
2023-08-29,14.22,14.58,14.71,14.1,126053,182340079.0,4.29,2.6,0.37,0.54,14.463333333333333
2023-08-30,14.75,14.91,15.15,14.67,159038,237530734.0,3.29,2.26,0.33,0.68,14.910000000000002
2023-08-31,14.84,14.82,15.0,14.7,105920,157170459.0,2.01,-0.6,-0.09,0.45,14.839999999999998
2023-09-01,14.86,14.78,14.95,14.73,72110,106947018.0,1.48,-0.27,-0.04,0.31,14.82
2023-09-04,14.82,15.3,15.33,14.82,188521,285670877.0,3.45,3.52,0.52,0.8,15.15
2023-09-05,15.35,15.42,15.62,15.25,157391,243466481.0,2.42,0.78,0.12,0.67,15.43
2023-09-06,15.33,15.6,15.64,15.29,98510,152677920.0,2.27,1.17,0.18,0.42,15.51
2023-09-07,15.52,15.32,15.54,15.27,113681,174776671.0,1.73,-1.79,-0.28,0.48,15.376666666666665
2023-09-08,15.25,15.36,15.44,15.2,51567,79140041.0,1.57,0.26,0.04,0.22,15.333333333333334
2023-09-11,15.39,15.5,15.62,15.33,190074,294836427.0,1.89,0.91,0.14,0.81,15.483333333333334
2023-09-12,15.5,15.43,15.75,15.41,75336,117030146.0,2.19,-0.45,-0.07,0.32,15.530000000000001
2023-09-13,15.45,15.26,15.46,15.1,97048,147725911.0,2.33,-1.1,-0.17,0.41,15.273333333333333
2023-09-14,15.18,15.28,15.43,15.18,76290,116666431.0,1.64,0.13,0.02,0.32,15.296666666666667
2023-09-15,15.28,15.28,15.37,15.12,111938,170868434.0,1.64,0.0,0.0,0.48,15.256666666666666
2023-09-18,15.22,15.18,15.31,15.08,78908,119865704.0,1.51,-0.65,-0.1,0.34,15.19
2023-09-19,15.22,15.16,15.22,14.95,76223,115244981.0,1.78,-0.13,-0.02,0.32,15.11
2023-09-20,15.09,15.25,15.32,14.99,144838,219830773.0,2.18,0.59,0.09,0.62,15.186666666666667
2023-09-21,15.16,15.25,15.42,15.11,186526,285236512.0,2.03,0.0,0.0,0.79,15.26
2023-09-22,15.27,15.32,15.59,15.18,141297,216962692.0,2.69,0.46,0.07,0.6,15.363333333333335
2023-09-25,15.32,15.24,15.41,15.05,116258,176751314.0,2.35,-0.52,-0.08,0.49,15.233333333333334
2023-09-26,15.23,14.94,15.32,14.9,122498,183973047.0,2.76,-1.97,-0.3,0.52,15.053333333333333
2023-09-27,14.97,14.82,15.05,14.82,159019,237398291.0,1.54,-0.8,-0.12,0.68,14.896666666666667
2023-09-28,14.87,15.36,15.41,14.82,192921,293416672.0,3.98,3.64,0.54,0.82,15.196666666666667
2023-10-09,15.35,15.3,15.44,15.15,124435,190174841.0,1.89,-0.39,-0.06,0.53,15.296666666666667
2023-10-10,15.28,15.46,15.53,15.25,114113,175824700.0,1.83,1.05,0.16,0.49,15.413333333333334
2023-10-11,15.44,15.94,16.06,15.4,230636,364416762.0,4.27,3.1,0.48,0.98,15.799999999999999
2023-10-12,15.99,16.47,16.8,15.95,387216,636191778.0,5.33,3.32,0.53,1.65,16.406666666666666
2023-10-13,16.41,16.9,17.32,16.35,498661,843452939.0,5.89,2.61,0.43,2.12,16.856666666666666
2023-10-16,17.0,16.89,17.04,16.73,290112,489657189.0,1.83,-0.06,-0.01,1.23,16.886666666666667
2023-10-17,16.87,16.57,16.98,16.41,240661,399245737.0,3.37,-1.89,-0.32,1.02,16.653333333333332
2023-10-18,16.61,16.48,16.61,16.24,145192,238600373.0,2.23,-0.54,-0.09,0.62,16.44333333333333
2023-10-19,16.31,16.35,16.63,16.3,129103,212543701.0,2.0,-0.79,-0.13,0.55,16.426666666666666
2023-10-20,16.34,16.09,16.47,16.01,123036,199631454.0,2.81,-1.59,-0.26,0.52,16.19
2023-10-23,16.06,16.2,16.3,15.91,143064,230209574.0,2.42,0.68,0.11,0.61,16.136666666666667
2023-10-24,16.12,16.51,16.8,16.05,279769,461915355.0,4.63,1.91,0.31,1.19,16.453333333333333
2023-10-25,16.53,16.5,16.68,16.35,136036,224463131.0,2.0,-0.06,-0.01,0.58,16.51
2023-10-26,16.35,16.27,16.48,16.0,219501,355355725.0,2.91,-1.39,-0.23,0.93,16.25
2023-10-27,16.34,17.13,17.25,16.33,380207,646764035.0,5.65,5.29,0.86,1.62,16.903333333333332
2023-10-30,17.13,17.84,17.97,17.13,338781,598581977.0,4.9,4.14,0.71,1.44,17.646666666666665
2023-10-31,17.84,17.59,18.0,17.55,156131,275769024.0,2.52,-1.4,-0.25,0.66,17.713333333333335
2023-11-01,17.58,17.42,17.86,17.38,173477,304861765.0,2.73,-0.97,-0.17,0.74,17.55333333333333
2023-11-02,17.44,17.18,17.49,17.13,135909,234942142.0,2.07,-1.38,-0.24,0.58,17.266666666666666
2023-11-03,17.16,17.47,17.75,17.15,167427,292856225.0,3.49,1.69,0.29,0.71,17.456666666666667
2023-11-06,17.6,17.75,18.13,17.3,298147,528952925.0,4.75,1.6,0.28,1.27,17.726666666666667
2023-11-07,17.79,17.72,17.95,17.54,194866,344548129.0,2.31,-0.17,-0.03,0.83,17.736666666666665
2023-11-08,17.7,17.62,17.89,17.52,123974,219276555.0,2.09,-0.56,-0.1,0.53,17.676666666666666
2023-11-09,17.63,17.57,17.8,17.49,174139,306768730.0,1.76,-0.28,-0.05,0.74,17.62
2023-11-10,17.51,17.59,17.68,17.43,135361,237291588.0,1.42,0.11,0.02,0.58,17.566666666666666
2023-11-13,17.57,17.43,17.7,17.32,131818,230421603.0,2.16,-0.91,-0.16,0.56,17.48333333333333
2023-11-14,17.49,17.66,17.81,17.44,162892,287510956.0,2.12,1.32,0.23,0.69,17.636666666666667
2023-11-15,17.88,17.73,18.24,17.57,140032,249181694.0,3.79,0.4,0.07,0.6,17.846666666666668
